Country,A2 (ISO),Year,Happiness score,Whisker-high,Whisker-low,Dystopia (1.88) + residual,Explained by: GDP per capita,Explained by: Social support,Explained by: Healthy life expectancy,Explained by: Freedom to make life choices,Explained by: Generosity,Explained by: Perceptions of corruption,Life_Ladder,Log_GDP_pc,Social_support,Life_expectancy,Freedom_life_choices,Generosity,Perceptions_corruption,Positive_affect,Negative_affect,Confidence_government,Democratic_Quality,Delivery_Quality,Std_dev_ladder,Std_dev/mean,GINI_avg_2000-2016,Changes in happiness scores,Whisker-high,Whisker-low,Average_Population_Age,Region_WorldBank,Income_group_WorldBank,Continental_Region,Average_Men_Height(m),Average_Men_Height(ft-in),Average_Women_Height(m),Average_Women_Height(ft-in),GDP_per_CapitaLocalCurrency,OfficialFXrateAverage,GDP_per_CapitaUSD,Average male height-wikipedia,Average female height-wikipedia
Afghanistan,AF,2018,3.203299999,3.277512074,3.129087925,1.793060184,0.349630922,0.517003238,0.360616267,0,0.158151418,0.024875212,2.694303274,7.494587898,0.507515848,52.59999847,0.373535544,-0.084887877,0.927605689,0.424125314,0.404904395,0.364666402,,,1.408343792,0.522711694,,-0.520252705,-0.367131063,-0.673374346,18.8,South Asia,Low income,Asia & Pacific,#N/A,#N/A,#N/A,#N/A,37680.81812,72.08324718,522.7402982,#N/A,#N/A
Albania,AL,2018,4.718599796,4.829272747,4.607926846,1.461001873,0.947101116,0.847680748,0.87420845,0.383339018,0.178158894,0.027083948,5.004402637,9.412399292,0.683591664,68.69999695,0.824212313,0.005384951,0.899129391,0.713299572,0.318996727,0.435337961,,,2.640530825,0.527641535,0.30325,0.084322453,0.260691369,-0.092046464,32.9,Europe & Central Asia,Upper middle income,Europe,#N/A,#N/A,#N/A,#N/A,567335.3077,107.9891667,5253.631686,#N/A,#N/A
Algeria,DZ,2018,5.211299896,5.30355835,5.119041443,1.992306948,1.001515269,1.159618258,0.785281599,0.085532539,0.072641812,0.114427745,5.043086052,9.557951927,0.798651338,65.90000153,0.58338058,-0.172413006,0.758704126,0.591042936,0.292945564,,,,1.973942876,0.391415656,0.276,#N/A,#N/A,#N/A,28.1,Middle East & North Africa,Upper middle income,Arab States,#N/A,#N/A,#N/A,#N/A,498268.6664,116.5937917,4273.543722,#N/A,#N/A
Angola,AO,2014,#N/A,#N/A,#N/A,#N/A,#N/A,#N/A,#N/A,#N/A,#N/A,#N/A,3.794837952,8.741480827,0.754615486,54.59999847,0.374541551,-0.157062218,0.83407563,0.578517139,0.367864132,0.572345674,-0.739363015,-1.16853869,2.196711302,0.57886827,0.4735,#N/A,#N/A,#N/A,15.9,Sub-Saharan Africa,Lower middle income,Africa,#N/A,#N/A,#N/A,#N/A,867898.2979,252.8557477,3432.385088,#N/A,#N/A
Argentina,AR,2018,6.086299896,6.191538811,5.981060982,2.096292734,1.09151566,1.431507587,0.880779326,0.470637441,0.065919802,0.049697425,5.792796612,9.809971809,0.899911582,68.80000305,0.845894694,-0.206936628,0.855255246,0.820309699,0.320502073,0.261352271,,,2.472558737,0.426833332,0.4609375,-0.029491425,0.105707406,-0.164690255,31.7,Latin America & Caribbean,Upper middle income,South/Latin America,1.7348,5'8.5,1.6076,5'3.5,327378.8499,28.09499167,11652.56975,5'8 1⁄2,5'3 1⁄2
Armenia,AM,2018,4.559400082,4.651613235,4.467186928,1.39799571,0.850108981,1.054939866,0.814928293,0.282625109,0.09503299,0.063795328,5.062448502,9.119423866,0.814449012,66.90000153,0.807643652,-0.149108693,0.676826358,0.581487715,0.454840273,0.670827627,,,2.102110624,0.415235966,0.31925,-0.048261166,0.071125599,-0.16764793,35.1,Europe & Central Asia,Upper middle income,Europe,#N/A,#N/A,#N/A,#N/A,2034388.145,482.9879466,4212.08885,0,5'2
Australia,AU,2018,7.228000164,7.314587593,7.141412735,2.094286919,1.371545434,1.54795742,1.035531998,0.557171643,0.331549168,0.289962173,7.17699337,10.7210207,0.940137267,73.59999847,0.916028142,0.137795404,0.404647499,0.759018838,0.187456369,0.468836874,,,1.750282526,0.243874058,0.34275,-0.064696789,0.045111164,-0.174504742,38.7,East Asia & Pacific,High income,Asia & Pacific,1.792,5'10.5,1.676,5'6,73929.56626,1.338412146,55236.77176,5'9,5'3 1⁄2
Austria,AT,2018,7.245999813,7.312841415,7.179158211,2.377548218,1.375541925,1.475222468,1.015776634,0.532074809,0.243566692,0.22622107,7.396001816,10.74189281,0.911668122,73,0.904111981,0.051552333,0.52306056,0.75235039,0.226058796,0.488678724,,,1.551940084,0.209835008,0.302692308,0.094200611,0.205178991,-0.016777769,44,Europe & Central Asia,High income,Europe,#N/A,#N/A,#N/A,#N/A,43641.03145,1.11,39316.24455,5'10 1⁄2,5'5 1⁄2
Azerbaijan,AZ,2018,5.207699776,5.278987408,5.136412144,1.679619074,1.04280293,1.147335052,0.768872976,0.351472288,0.035471924,0.182139456,5.167995453,9.678013802,0.781229913,65.5,0.772449255,-0.251795292,0.561206281,0.592575371,0.191391662,0.834371924,,,1.863302112,0.36054638,0.211,0.502046585,0.600456175,0.403636995,31.3,Europe & Central Asia,Upper middle income,Asia & Pacific,#N/A,#N/A,#N/A,#N/A,8026.002747,1.700016667,4721.131801,5'7 1⁄2,5'5
Bahrain,BH,2017,6.199399948,6.323913097,6.074886799,1.698076248,1.361810565,1.367558956,0.871097267,0.535696745,0.254980385,0.110143572,6.227320671,10.67569351,0.875747144,68.5,0.905858517,0.128193483,,0.813570559,0.289759517,,-1.167433977,0.226644456,2.215525627,0.355775088,,#N/A,#N/A,#N/A,32.3,Middle East & North Africa,High income,Arab States,#N/A,#N/A,#N/A,#N/A,9043.084822,0.376,24050.75751,5'5,5'1⁄2
Bangladesh,BD,2018,4.455800056,4.538150787,4.373449326,1.406029701,0.562269628,0.928245068,0.72272855,0.527391553,0.165772662,0.143401638,4.499217033,8.22074604,0.705556035,64.30000305,0.90147084,-0.038008336,0.701421201,0.541344702,0.361237794,0.831693113,,,2.159303188,0.479928643,0.32775,-0.195450783,-0.087840989,-0.303060576,26.7,South Asia,Lower middle income,Asia & Pacific,#N/A,#N/A,#N/A,#N/A,139472.8895,83.46620192,1671.010377,0,4'11 1⁄2
Belarus,BY,2018,5.322500229,5.392422199,5.252578259,1.530803442,1.06702745,1.465442181,0.788668633,0.234865904,0.094132535,0.141593024,5.233769894,9.778738976,0.904569268,66.09999847,0.643602371,-0.181864843,0.718455493,0.45033285,0.235728621,0.421278685,,,1.690107107,0.322923452,0.281294118,-0.257089138,-0.160495718,-0.353682558,40,Europe & Central Asia,Upper middle income,Europe,#N/A,#N/A,#N/A,#N/A,12816.3788,2.037608333,6289.912829,#N/A,#N/A
Belgium,BE,2018,6.922999859,6.988406181,6.857593536,2.234879494,1.355673671,1.504306197,0.986164272,0.472559094,0.159797639,0.20966503,6.89217186,10.6724453,0.929815531,72,0.808386624,-0.127278343,0.630411804,0.74956274,0.250297338,0.44194454,,,1.548090696,0.224615797,0.284307692,-0.276283264,-0.183113601,-0.369452927,41.4,Europe & Central Asia,High income,Europe,#N/A,#N/A,#N/A,#N/A,39441.69305,1.11,35533.0568,5'10 1⁄2,5'6
Belize,BZ,2014,#N/A,#N/A,#N/A,#N/A,#N/A,#N/A,#N/A,#N/A,#N/A,#N/A,5.955646515,8.987143517,0.756932497,62.22000122,0.873569071,0.004827182,0.782105386,0.754977345,0.281604409,0.384267181,0.284335703,-0.524305463,2.455256701,0.412256956,,#N/A,#N/A,#N/A,22.7,Latin America & Caribbean,Upper middle income,South/Latin America,#N/A,#N/A,#N/A,#N/A,10050.3562,2,5025.1781,#N/A,#N/A
Benin,BJ,2018,4.883200169,5.02167511,4.744725227,3.04949832,0.393273056,0.437461227,0.396601945,0.34944129,0.175394043,0.081533588,5.81982708,7.663907051,0.503544033,54.29999924,0.713264048,0.024661165,0.746510744,0.646655142,0.467871815,0.639219761,,,3.313297987,0.569312096,0.432666667,1.390206575,1.555302863,1.225110288,18.2,Sub-Saharan Africa,Low income,Africa,#N/A,#N/A,#N/A,#N/A,500759.3879,555.7178304,901.1036905,0,5'2 1⁄2
Bhutan,BT,2013,5.082099915,5.19556284,4.96863699,1.349649429,0.813283861,1.320763111,0.604196668,0.456544518,0.370482951,0.167207897,5.569091797,8.86372757,0.818948984,59.59999847,0.810201466,0.361772269,0.802428126,0.778723419,0.217349902,0.979500771,0.31292063,0.128376126,1.28398931,0.230556324,0.392666667,#N/A,#N/A,#N/A,27.6,South Asia,Lower middle income,Asia & Pacific,#N/A,#N/A,#N/A,#N/A,229806.9709,68.38946709,3360.268484,#N/A,#N/A
Bhutan,BT,2015,5.082099915,5.19556284,4.96863699,1.349649429,0.813283861,1.320763111,0.604196668,0.456544518,0.370482951,0.167207897,5.082128525,8.954587936,0.847574413,60.20000076,0.83010155,0.28663519,0.633955777,0.80964148,0.311589301,0.946393013,0.469944537,0.309430838,1.47484684,0.290202588,0.392666667,#N/A,#N/A,#N/A,27.6,South Asia,Lower middle income,Asia & Pacific,#N/A,#N/A,#N/A,#N/A,229806.9709,68.38946709,3360.268484,#N/A,#N/A
Bolivia,BO,2018,5.779300213,5.875899792,5.682700634,2.375586033,0.775684595,1.209193707,0.706299722,0.511490107,0.136560887,0.064449407,5.915734291,8.860530853,0.827159464,63.59999847,0.863246858,-0.08756835,0.786044598,0.741972625,0.387468874,0.399588227,,,2.204541922,0.372657359,0.5216,0.34635973,0.471421441,0.221298018,24.3,Latin America & Caribbean,Lower middle income,South/Latin America,#N/A,#N/A,#N/A,#N/A,24520.75787,6.91,3548.59014,0,5'0
Bosnia and Herzegovina,BA,2018,5.386499882,5.477275848,5.295723915,1.904574394,0.945077538,1.211606264,0.844562232,0.212316319,0.262889266,0.005522998,5.887401104,9.402726173,0.835889578,67.80000305,0.658846438,0.124626905,0.912857771,0.642939508,0.277365059,0.254097164,,,1.987750292,0.337627798,0.3256,0.48674202,0.639207542,0.334276497,42.1,Europe & Central Asia,Upper middle income,Europe,#N/A,#N/A,#N/A,#N/A,9861.342706,1.656985441,5951.375589,5'11 1⁄2,5'6 1⁄2
Botswana,BW,2018,3.488399982,3.611435652,3.365364313,0.183267355,1.040944576,1.145317674,0.538402438,0.455443174,0.024992935,0.100037552,3.4613657,9.680226326,0.794936001,58.90000153,0.817621112,-0.259084016,0.806945443,0.729643226,0.267083704,0.718788147,,,2.637892485,0.762095869,0.626,-1.606223583,-1.428819333,-1.783627833,24.5,Sub-Saharan Africa,Upper middle income,Africa,#N/A,#N/A,#N/A,#N/A,84231.53808,10.199975,8258.014169,#N/A,#N/A
Brazil,BR,2018,6.299799919,6.402670383,6.196929455,2.480293989,1.004138112,1.438898206,0.801733673,0.389860839,0.099225417,0.085659221,6.190921783,9.557932854,0.881505251,66.40000153,0.75060904,-0.126326516,0.763251305,0.749727845,0.349656254,0.16818665,,,2.637867212,0.426086336,0.547285714,-0.249694347,-0.113834375,-0.38555432,32,Latin America & Caribbean,Upper middle income,South/Latin America,1.741,5'8.5,1.611,5'3.5,32594.68058,3.653825361,8920.700185,5'7,5'2 1⁄2
Bulgaria,BG,2018,5.011000156,5.097698689,4.924301624,1.195271015,1.091512084,1.513425112,0.814920545,0.310784578,0.080736302,0.004361033,5.098813534,9.873218536,0.923853278,66.80000305,0.724335909,-0.179109603,0.952014446,0.639021873,0.189090982,0.218995899,,,2.03750658,0.399604052,0.354666667,1.167212725,1.325378115,1.009047335,42.7,Europe & Central Asia,Upper middle income,Europe,#N/A,#N/A,#N/A,#N/A,15364.74676,1.657041667,9272.396141,5'9,5'4 1⁄2
Burkina Faso,BF,2018,4.586800098,4.694717407,4.47888279,2.274949789,0.330899835,1.055916667,0.379970908,0.254537702,0.177320838,0.113175385,4.92723608,7.47052002,0.664859474,53.90000153,0.720743477,-0.004381241,0.757398605,0.710883558,0.342865527,0.622255087,,,2.646069765,0.537029207,0.394666667,0.698358059,0.821284412,0.575431706,17.3,Sub-Saharan Africa,Low income,Africa,#N/A,#N/A,#N/A,#N/A,406325.138,555.7178304,731.1716769,0,5'3 1⁄2
Burundi,BI,2018,3.775300026,3.98526001,3.565340042,2.325385332,0.045821872,0.447459757,0.380298227,0.219908759,0.176040262,0.180368945,3.775283098,6.541032791,0.484715223,53.40000153,0.646398604,-0.019334173,0.598607659,0.6664415,0.362766594,,,,2.815765858,0.745842278,0.36,0.212055445,0.452883883,-0.028772994,17,Sub-Saharan Africa,Low income,Africa,#N/A,#N/A,#N/A,#N/A,491057.9311,1782.876875,275.4300861,#N/A,#N/A
Cambodia,KH,2018,4.699800014,4.81023407,4.589365959,1.464501381,0.573813379,1.12244761,0.637100697,0.608707249,0.231679261,0.061587721,5.121837616,8.253352165,0.794605374,61.59999847,0.958304822,0.033786766,,0.844592512,0.414345801,,,,2.911452532,0.568439066,,0.635894299,0.764001115,0.507787482,25.3,East Asia & Pacific,Lower middle income,Asia & Pacific,#N/A,#N/A,#N/A,#N/A,6125877.675,4051.1669,1512.12671,0,5'0
Cameroon,CM,2018,5.043700218,5.16989994,4.917500496,2.649462223,0.54896003,0.910110652,0.330502898,0.3809807,0.186872318,0.036784157,5.250737667,8.133470535,0.676825225,52.70000076,0.816304982,0.032506917,0.884441614,0.642436504,0.355642408,0.6452263,,,2.921313524,0.55636251,0.438333333,0.880005836,1.028352602,0.731659071,18.5,Sub-Saharan Africa,Lower middle income,Africa,#N/A,#N/A,#N/A,#N/A,848512.0123,555.7178304,1526.87563,#N/A,#N/A
Canada,CA,2018,7.278100014,7.356538773,7.199661255,2.192688465,1.364896059,1.504740953,1.038811564,0.58395189,0.285020351,0.308037907,7.175496578,10.70124817,0.922718763,73.59999847,0.9457829,0.097966127,0.371740848,0.823668659,0.259397656,0.610466897,,,1.764457464,0.245900393,0.3368,-0.179129124,-0.07032537,-0.287932877,42.2,North America,High income,North America,1.751,5'9,1.623,5'4,59768.08533,1.295817928,46123.82961,5'9,5'4
Central African Republic,CF,2017,3.082999945,3.226581812,2.939418077,2.455649376,0.026408311,0,0.10534554,0.225276604,0.235050067,0.035267804,3.475862026,6.494116783,0.319589138,45.20000076,0.645252347,0.093754359,0.889566004,0.613865197,0.599335492,0.650284886,-1.523121834,-1.538732529,2.807073832,0.807590723,0.499,-1.077131987,-0.884917818,-1.269346155,19.7,Sub-Saharan Africa,Low income,Africa,#N/A,#N/A,#N/A,#N/A,283399.9482,555.7178304,509.9709469,0,5'2 1⁄2
Chad,TD,2018,4.349500179,4.483959198,4.215041161,2.591164589,0.34995997,0.766445816,0.191834211,0.173739731,0.198252976,0.078134395,4.486325264,7.472574711,0.57725358,48.20000076,0.650354564,0.011340086,0.762879312,0.552737296,0.543836236,0.57743603,,,3.107621431,0.692687511,0.4155,0.275392056,0.431788056,0.118996055,17.8,Sub-Saharan Africa,Low income,Africa,#N/A,#N/A,#N/A,#N/A,405809.9268,555.7178304,730.2445676,0,5'4
Chile,CL,2018,6.443999767,6.533685684,6.35431385,2.396679401,1.158935308,1.368753433,0.920277357,0.356586546,0.186613083,0.056107141,6.436220646,10.06591988,0.890084922,69.90000153,0.78853035,-0.070615843,0.816297412,0.832562208,0.275820225,0.334744155,,,2.152998447,0.33451283,0.491571429,0.596791744,0.731940734,0.461642754,34.4,Latin America & Caribbean,High income,South/Latin America,#N/A,#N/A,#N/A,#N/A,10211280.74,641.2768131,15923.35874,5'7,5'1 1⁄2
China,CN,2018,5.190899849,5.24038887,5.141410828,1.465677023,1.028509855,1.124763727,0.893324852,0.52117449,0.057790212,0.099618129,5.131433964,9.694375992,0.787605345,69.30000305,0.895377696,-0.174899161,,0.85578388,0.189639792,,,,2.262859106,0.440979868,0.425,0.425877571,0.494112435,0.357642708,37.4,East Asia & Pacific,Upper middle income,Asia & Pacific,1.702,5'7,1.586,5'2.5,64643.50592,6.615957177,9770.847088,5'6 1⁄2,5'2
Colombia,CO,2018,6.124800205,6.229346752,6.020253658,2.286151886,0.985325396,1.409684181,0.841266155,0.469644964,0.098647319,0.034127899,5.983512402,9.511734009,0.870970428,67.69999695,0.850765765,-0.155047998,0.854820907,0.825455189,0.300624102,0.274869502,,,2.682672262,0.448344052,0.5416,0.014179707,0.156654098,-0.128294685,30,Latin America & Caribbean,Upper middle income,South/Latin America,#N/A,#N/A,#N/A,#N/A,19659248.28,2955.70397,6651.29136,5'7,5'2 1⁄2
Comoros,KM,2018,3.972800016,4.196162701,3.749437332,1.941131592,0.274484247,0.757133901,0.505417943,0.141641289,0.27491197,0.078098603,3.972819567,7.260142326,0.621302962,57.20000076,0.560182333,0.136247516,0.793758333,0.74774158,0.337493658,0.317273706,,,2.882712364,0.725608706,0.506,#N/A,#N/A,#N/A,19.9,Sub-Saharan Africa,Lower middle income,Arab States,#N/A,#N/A,#N/A,#N/A,602447.1298,416.7883728,1445.450903,0,5'1
Congo (Brazzaville),#N/A,2018,4.811500072,4.955009937,4.667990208,2.262392998,0.67264992,0.798868179,0.508152843,0.371835202,0.104942366,0.092648983,5.490214348,8.473278999,0.620622933,57.90000153,0.69870007,-0.124500982,0.738020182,0.587506592,0.447646171,0.473673612,,,3.346595287,0.609556377,0.481,0.991698265,1.20974778,0.77364875,#N/A,#N/A,#N/A,#N/A,#N/A,#N/A,#N/A,#N/A,#N/A,#N/A,0,#N/A,#N/A
Congo (Kinshasa),#N/A,2017,4.41809988,4.543480396,4.292719364,2.30787611,0.094079144,1.124825835,0.357146442,0.268523365,0.212444127,0.053244971,4.311033249,6.694726944,0.669688404,52.90000153,0.704239547,0.085066363,0.809181869,0.550525904,0.404262066,0.4784123,-1.872269154,-1.551753879,2.642479181,0.612957299,0.4215,#N/A,#N/A,#N/A,#N/A,#N/A,#N/A,#N/A,#N/A,#N/A,#N/A,#N/A,#N/A,#N/A,0,#N/A,#N/A
Costa Rica,CR,2018,7.167399883,7.254207611,7.080592155,2.932985783,1.034249544,1.441120744,0.963105738,0.558035374,0.144398004,0.093470611,7.141074657,9.669425964,0.875872433,71.30000305,0.941888332,-0.104196012,0.781301796,0.870097816,0.32586664,0.479977787,,,2.145969629,0.300510734,0.490882353,0.045562267,0.162624197,-0.071499663,31.3,Latin America & Caribbean,Upper middle income,South/Latin America,#N/A,#N/A,#N/A,#N/A,6938987.212,576.9725012,12026.54753,#N/A,#N/A
Croatia,HR,2018,5.431799889,5.509877682,5.353722095,1.659908533,1.154682159,1.265782356,0.913788199,0.296157688,0.119423844,0.022072921,5.536271095,10.06575108,0.909806848,70.19999695,0.690855622,-0.15252924,0.925408304,0.582044125,0.290375978,0.248180911,,,1.703680634,0.307730705,0.321428571,-0.389091969,-0.227836102,-0.550347835,43,Europe & Central Asia,High income,Europe,#N/A,#N/A,#N/A,#N/A,93363.02039,6.27902525,14869.03089,5'11,5'5 1⁄2
Cuba,CU,2006,#N/A,#N/A,#N/A,#N/A,#N/A,#N/A,#N/A,#N/A,#N/A,#N/A,5.417868614,9.67642498,0.969595134,68.44000244,0.281457931,,,0.646711767,0.276601523,0.513175547,-0.706359327,-0.543394327,2.130130053,0.393167526,,#N/A,#N/A,#N/A,41.5,Latin America & Caribbean,Upper middle income,South/Latin America,#N/A,#N/A,#N/A,#N/A,8060.795886,1,8060.795886,#N/A,#N/A
Cyprus,CY,2018,6.045800209,6.149438381,5.942162037,1.880479813,1.263155937,1.22308588,1.0421561,0.405807078,0.19048202,0.040621806,6.276443005,,0.825573206,73.69999695,0.794215024,,0.848337233,0.750122488,0.298021138,0.352440447,,,2.128885031,0.339186549,0.326166667,-0.192169666,-0.022885009,-0.361454324,36.8,Europe & Central Asia,High income,Europe,#N/A,#N/A,#N/A,#N/A,23856.5604,0,0,#N/A,#N/A
Czech Republic,CZ,2018,6.852099895,6.920901299,6.783298492,2.635958672,1.269055963,1.487430096,0.92019099,0.456877947,0.046069566,0.03649161,7.034165382,10.41947365,0.929163933,70.30000305,0.790132403,-0.294359624,0.851382256,0.713700116,0.178068101,0.420783311,,,1.674933672,0.238114059,0.264166667,0.381328106,0.500180614,0.262475597,#N/A,Europe & Central Asia,High income,Europe,#N/A,#N/A,#N/A,#N/A,499203.6756,21.72991667,22973.10585,5'11,5'6
Denmark,DK,2018,7.60010004,7.666658401,7.533541679,2.39289093,1.383438587,1.572595,0.996018887,0.592356086,0.252319992,0.410473198,7.648785591,10.75559425,0.958218873,72.40000153,0.935437799,0.015592853,0.150607437,0.821422637,0.20605281,0.632478476,,,1.651060104,0.215859115,0.267,-0.341033459,-0.252307625,-0.429759292,42.2,Europe & Central Asia,High income,Europe,#N/A,#N/A,#N/A,#N/A,382637.9754,6.314618787,60595.57803,5'11,0
Djibouti,DJ,2011,#N/A,#N/A,#N/A,#N/A,#N/A,#N/A,#N/A,#N/A,#N/A,#N/A,4.369193554,7.90300703,0.632973254,54.70000076,0.746439457,-0.065349184,0.518930137,0.579302847,0.180592626,0.678491235,-0.616717458,-0.675337195,2.378350019,0.544345319,0.430666667,#N/A,#N/A,#N/A,23.9,Middle East & North Africa,Lower middle income,Arab States,#N/A,#N/A,#N/A,#N/A,364362.385,177.72,2050.204732,#N/A,#N/A
Dominican Republic,DO,2018,5.425300121,5.559331417,5.291268826,1.518515587,1.015422583,1.401476383,0.778674066,0.496892959,0.112933204,0.101404041,5.433215618,9.626997948,0.861986339,65.80000305,0.866641581,-0.150951296,0.76227355,0.744871855,0.291403025,0.42177102,,,3.39545393,0.624943733,0.484705882,0.42163372,0.602175747,0.241091694,28.1,Latin America & Caribbean,Upper middle income,South/Latin America,#N/A,#N/A,#N/A,#N/A,378755.0473,49.50999286,7650.072753,5'8,5'2 1⁄2
Ecuador,EC,2018,6.027599812,6.130075455,5.925124168,2.225114346,0.911792278,1.312105656,0.867575824,0.497505963,0.126236156,0.087262854,6.128010273,9.27445507,0.851345003,68.5,0.869363725,-0.104021087,0.830743194,0.876474917,0.328171045,0.402085185,,,2.48578763,0.405643523,0.496,0.925781727,1.059316953,0.792246501,27.7,Latin America & Caribbean,Upper middle income,South/Latin America,#N/A,#N/A,#N/A,#N/A,6344.871979,1,6344.871979,#N/A,#N/A
Egypt,EG,2018,4.165500164,4.252329826,4.078670502,1.186688185,0.912523746,1.039012909,0.643696129,0.241027966,0.075686559,0.066828012,4.005450726,9.293959618,0.75882405,61.70000076,0.681654453,-0.222929537,,0.492260754,0.285183787,,,,2.020606041,0.50446409,0.312,-0.935623169,-0.803427386,-1.067818952,23.9,#N/A,#N/A,Arab States,#N/A,#N/A,#N/A,#N/A,#N/A,#N/A,0,5'7,5'2 1⁄2
El Salvador,SV,2018,6.253099918,6.362256527,6.14394331,2.830937386,0.794248343,1.241606951,0.788728118,0.430157602,0.093084656,0.074378431,6.276246071,8.911958694,0.823999166,66.09999847,0.863207281,-0.096786909,0.826600015,0.871536493,0.265370607,0.323992044,,,2.516374111,0.400936186,0.457823529,0.85884285,0.996188809,0.721496891,27.1,Latin America & Caribbean,Lower middle income,South/Latin America,#N/A,#N/A,#N/A,#N/A,4058.244652,1,4058.244652,0,5'3
Estonia,EE,2018,5.893499851,5.965447426,5.821552277,1.495647907,1.236827612,1.5278337,0.874203205,0.495156616,0.103052616,0.160817504,6.091302395,10.32410717,0.932693779,68.59999847,0.885618389,-0.144664913,0.620677948,0.794730246,0.16318211,0.420202583,,,1.762923717,0.289416552,0.332461538,0.518667221,0.616790999,0.420543443,42.7,Europe & Central Asia,High income,Europe,#N/A,#N/A,#N/A,#N/A,19424.07259,0,0,5'10 1⁄2,0
Ethiopia,ET,2018,4.28579998,4.365377426,4.206222534,1.731418133,0.336415797,1.033066511,0.531869948,0.344129175,0.208648548,0.100245297,4.379262447,7.524516582,0.740154505,58.5,0.740343094,0.043273505,0.799466252,0.659520864,0.271753967,0.875270963,,,1.945811152,0.444323927,0.340333333,#N/A,#N/A,#N/A,17.9,Sub-Saharan Africa,Low income,Africa,#N/A,#N/A,#N/A,#N/A,20163.71611,27.42938382,735.1137104,0,5'2
Finland,FI,2018,7.768899918,7.829887867,7.707911968,2.713677883,1.340242863,1.587275743,0.98614496,0.59589535,0.152708426,0.392912716,7.85810709,10.63605976,0.962155044,71.90000153,0.937807381,-0.131735161,0.198604837,0.781546414,0.181780651,0.555102229,,,1.42561233,0.181419298,0.275615385,0.097318649,0.189357343,0.005279955,42.5,Europe & Central Asia,High income,Europe,#N/A,#N/A,#N/A,#N/A,42325.6404,1.11,38131.20757,5'10 1⁄2,5'5
France,FR,2018,6.592100143,6.666644096,6.51755619,2.020884991,1.323931336,1.472051859,1.045409322,0.435545504,0.111095294,0.183189526,6.665903568,10.57335186,0.921463072,73.80000305,0.816377223,-0.141567126,0.581775308,0.767313421,0.282451361,0.380547434,,,1.59904933,0.239884853,0.320923077,-0.281833649,-0.178493499,-0.385173799,41.4,Europe & Central Asia,High income,Europe,1.77,5'9.5,1.646,5'5,35127.43411,1.11,31646.33704,5'9,5'4
Gabon,GA,2018,4.799200058,4.911694527,4.686705589,1.596340179,1.0566535,1.182883382,0.571186662,0.294669628,0.042844232,0.054627705,4.783009052,9.718316078,0.78482759,59.70000076,0.719135404,-0.217487514,0.82286346,0.640691638,0.417660981,0.311373711,,,2.62363863,0.548533082,0.422,#N/A,#N/A,#N/A,18.6,Sub-Saharan Africa,Upper middle income,Africa,#N/A,#N/A,#N/A,#N/A,4462315.229,555.7178304,8029.821944,0,5'2 1⁄2
Gambia,GM,2018,4.516300201,4.668011189,4.364589214,2.023421764,0.307813317,0.939059019,0.427995712,0.382250994,0.268641055,0.167130321,4.922099113,7.376553535,0.684799969,55,0.718728781,,0.691069543,0.804012179,0.3792077,0.757543445,,,3.158857584,0.641770422,0.422666667,#N/A,#N/A,#N/A,#N/A,#N/A,#N/A,Africa,#N/A,#N/A,#N/A,#N/A,#N/A,#N/A,0,#N/A,#N/A
Georgia,GE,2018,4.519100189,4.602777958,4.435422421,1.662073135,0.885868728,0.66565001,0.752379715,0.346122414,0.043156359,0.163815901,4.659097195,9.229100227,0.617218554,64.5,0.7751441,-0.219247594,0.754853785,0.572953463,0.243778914,0.300006181,,,2.223053217,0.477142483,0.380117647,0.664749384,0.775471939,0.554026829,38.1,Europe & Central Asia,Upper middle income,Europe,#N/A,#N/A,#N/A,#N/A,11009.7293,2.534110833,4344.612379,#N/A,#N/A
Germany,DE,2018,6.985000134,7.045125484,6.924874783,2.149803162,1.372571707,1.453983903,0.986962855,0.495277196,0.261470586,0.264979005,7.118364334,10.73094463,0.919763148,72.19999695,0.8768875,0.030199649,0.495673954,0.780280411,0.243214577,0.592990577,,,1.623589158,0.228084579,0.306222222,0.468888283,0.550897585,0.38687898,47.1,Europe & Central Asia,High income,Europe,#N/A,#N/A,#N/A,#N/A,40830.63844,1.11,36784.35896,5'9,5'4
Ghana,GH,2017,4.99630022,5.136762619,4.855837822,2.366683006,0.611327767,0.867979228,0.485640377,0.380500346,0.244589791,0.039540015,5.481310844,8.349396706,0.669111073,56.79999924,0.783046365,0.082861453,0.838609993,0.702511728,0.247518942,0.670288563,0.339194328,-0.086163089,2.551119566,0.465421438,0.426,0.090395451,0.267135243,-0.086344342,21.1,Sub-Saharan Africa,Lower middle income,Africa,#N/A,#N/A,#N/A,#N/A,10098.26197,4.585325,2202.300157,0,5'2 1⁄2
Greece,GR,2018,5.286699772,5.382487774,5.19091177,1.848361731,1.181329012,1.156249642,0.99931097,0.067072667,0,0.034424342,5.40928936,10.13205814,0.793500781,72.40000153,0.564455688,-0.336384535,0.860302389,0.665699065,0.255006582,0.157048658,,,2.07977128,0.38448143,0.346384615,-1.039970398,-0.889948974,-1.189991822,44.5,Europe & Central Asia,High income,Europe,1.783,5'10,1.666,5'5.5,17218.43062,1.11,15512.09966,5'9 1⁄2,5'5
Guatemala,GT,2018,6.436200142,6.54914999,6.323250294,2.832901955,0.800257504,1.269477248,0.745791316,0.534805596,0.175111502,0.07783635,6.626591682,8.923428535,0.841107249,64.80000305,0.909538031,-0.011167034,0.765454412,0.871362031,0.262411267,0.45706442,,,2.840461254,0.428645879,0.523666667,0.222867966,0.363042567,0.082693364,22.1,Latin America & Caribbean,Upper middle income,South/Latin America,#N/A,#N/A,#N/A,#N/A,34204.9166,7.519164583,4549.031508,0,4'10
Guinea,GN,2018,4.534399986,4.666930199,4.401869774,2.325223446,0.379844725,0.828725636,0.375325203,0.332389414,0.206542522,0.086326547,5.25222683,7.633718014,0.630433142,54.40000153,0.731157243,0.100011282,0.778393805,0.743881047,0.4404383,0.59172374,,,3.302635193,0.628806651,0.387,#N/A,#N/A,#N/A,18.9,Sub-Saharan Africa,Low income,Africa,#N/A,#N/A,#N/A,#N/A,7976998.817,9011.134179,885.2380465,0,5'2 1⁄2
Guyana,GY,2007,#N/A,#N/A,#N/A,#N/A,#N/A,#N/A,#N/A,#N/A,#N/A,#N/A,5.992826462,8.577043533,0.848765194,57.25999832,0.694005668,0.115566313,0.835569084,0.767540574,0.29641977,0.464712054,-0.22879523,-0.424650729,1.841071367,0.307212532,,#N/A,#N/A,#N/A,26.2,Latin America & Caribbean,Upper middle income,South/Latin America,#N/A,#N/A,#N/A,#N/A,964874.3781,207.7166667,4645.146649,#N/A,#N/A
Haiti,HT,2018,3.596899986,3.750535965,3.443264008,1.580646515,0.322931051,0.688321054,0.449383378,0.025854424,0.419497848,0.110238858,3.614928007,7.416091919,0.537975907,55.70000076,0.591468394,0.420986384,0.720444739,0.5841133,0.358720034,0.367896646,,,3.076730251,0.851117969,0.411,-0.203227043,-0.008162342,-0.398291744,23,Latin America & Caribbean,Low income,South/Latin America,#N/A,#N/A,#N/A,#N/A,56802.93111,68.03175398,834.9473265,0,5'2 1⁄2
Honduras,HN,2018,5.8604002,5.986606121,5.734194279,2.322544575,0.642393231,1.236162066,0.828115463,0.507142663,0.245679349,0.078328572,5.908423901,8.439203262,0.827067018,67.19999695,0.872161686,0.105728693,0.803564787,0.871844649,0.287357897,0.398913682,,,3.134720325,0.530551016,0.5466875,0.555894375,0.717686191,0.394102558,23,Latin America & Caribbean,Lower middle income,South/Latin America,#N/A,#N/A,#N/A,#N/A,59759.45609,23.90272829,2500.110254,0,5'0
Hong Kong S.A.R. of China,HK,2017,5.430399895,5.523323059,5.33747673,0.609068871,1.437999249,1.276592731,1.122139812,0.439627707,0.257670522,0.287329525,5.362474918,10.9340868,0.83106631,75.90731812,0.830657244,0.128979281,0.415810198,0.63953346,0.200593412,0.545040727,0.637072325,1.849663734,1.784559488,0.33278653,,0.100288868,0.244110457,-0.043532721,#N/A,#N/A,#N/A,#N/A,#N/A,#N/A,#N/A,#N/A,#N/A,#N/A,0,#N/A,#N/A
Hungary,HU,2017,5.758299828,5.853194237,5.663405418,2.019626617,1.201089025,1.409710526,0.828123987,0.199402586,0.080605499,0.019769251,6.065038681,10.19531918,0.876747549,67.19999695,0.661165953,-0.145813331,0.886361301,0.735184252,0.180921271,0.377770513,0.589618564,0.445649564,1.792409182,0.295531362,0.297916667,0.682761192,0.829782095,0.535740289,42.3,Europe & Central Asia,High income,Europe,#N/A,#N/A,#N/A,#N/A,4306859.656,270.2116667,15938.8368,5'9 1⁄2,5'4 1⁄2
Iceland,IS,2017,7.493599892,7.613283157,7.373916626,2.400875568,1.380163193,1.623651147,1.025652528,0.590905368,0.354356408,0.117979728,7.476213932,10.74684143,0.966752827,73,0.938783288,0.243323684,0.726845384,0.895254552,0.148160011,0.365041941,1.374495268,1.581840873,1.630090833,0.21803695,0.280833333,0.60529995,0.835070556,0.375529343,36.5,Europe & Central Asia,High income,Europe,#N/A,#N/A,#N/A,#N/A,7926610.801,108.3001763,73191.11632,5'11 1⁄2,5'6
India,IN,2018,4.015200138,4.062242985,3.968157291,1.125791788,0.754912019,0.764926791,0.587670743,0.497660607,0.19950287,0.084715225,3.818068743,8.830280304,0.638051987,60.09999847,0.890443385,0.071806304,0.80526334,0.65728718,0.357458085,0.753280878,,,2.212352753,0.579442859,0.351,-1.136628628,-1.053900778,-1.219356478,27.9,South Asia,Lower middle income,Asia & Pacific,1.677,5'6,1.519,5'0,140867.3861,68.38946709,2059.781894,5'5 1⁄2,5'0
Indonesia,ID,2018,5.192399979,5.299926758,5.084873199,1.381755829,0.930590987,1.202604175,0.660217762,0.490619004,0.498134464,0.028487362,5.340295792,9.362827301,0.809378862,62.09999847,0.879374385,0.499377817,0.867729425,0.863717854,0.295986801,0.837602735,,,2.530802488,0.473906785,0.395,0.240139961,0.365225534,0.115054388,30.2,East Asia & Pacific,Lower middle income,Asia & Pacific,#N/A,#N/A,#N/A,#N/A,55432889.07,14236.93877,3893.596085,5'2,4'10
Iran,IR,2018,4.547999859,4.659369469,4.436630249,1.120996475,1.099961519,0.842064023,0.785339117,0.304888785,0.269819438,0.124966823,4.278117657,9.886064529,0.673764706,66,0.603319883,0.044715501,0.703439772,0.553196609,0.493148893,0.549940705,,,2.375708342,0.555316269,0.4134,-0.712543488,-0.574906941,-0.850180034,30.3,#N/A,#N/A,#N/A,#N/A,#N/A,#N/A,#N/A,#N/A,#N/A,0,5'7,5'2
Iraq,IQ,2017,4.437200069,4.610369205,4.264030933,1.362185955,1.043135285,0.979813814,0.574455857,0.240636811,0.148082748,0.088887103,4.462399006,9.659119606,0.695109367,59.59999847,0.627722025,-0.037714854,0.757108808,0.505288541,0.59053874,0.424050778,-1.689633727,-1.369387388,2.899484873,0.649759233,0.2905,-0.152647018,0.062000242,-0.367294279,20,Middle East & North Africa,Upper middle income,Arab States,#N/A,#N/A,#N/A,#N/A,6952250.114,1182.75,5878.038566,#N/A,#N/A
Ireland,IE,2018,7.021100044,7.101520538,6.94067955,1.845146656,1.499218225,1.553267241,0.999311447,0.515618801,0.298251778,0.310242265,6.962335587,11.16332817,0.937862396,72.30000305,0.861471593,0.139783427,0.362210244,0.810857236,0.213050067,0.618405282,,,1.863788128,0.267695814,0.326153846,-0.337080002,-0.210190751,-0.463969252,36.8,Europe & Central Asia,High income,Europe,#N/A,#N/A,#N/A,#N/A,65614.34765,1.11,59112.02491,5'9 1⁄2,5'4
Israel,IL,2018,7.138700008,7.205976009,7.071424007,2.665052414,1.275839686,1.454642415,1.028969049,0.370576292,0.261474758,0.082120553,6.92717886,10.4245739,0.90959543,73.30000305,0.724662304,0.052549962,0.770134807,0.66348964,0.28206256,0.422329724,,,1.734907031,0.2504493,0.4112,0.045403481,0.149599666,-0.058792705,29.9,Middle East & North Africa,High income,Europe,#N/A,#N/A,#N/A,#N/A,149417.4784,3.590558127,41613.99792,5'9 1⁄2,5'5 1⁄2
Italy,IT,2018,6.223400116,6.305873871,6.140926361,1.983530521,1.294424057,1.488020182,1.038825393,0.230782434,0.157960996,0.029857876,6.516526699,10.48051643,0.912656128,73.59999847,0.650009274,-0.023462269,0.887824833,0.649023056,0.402975351,0.206626192,,,1.522744656,0.233674273,0.344,-0.511506557,-0.39101987,-0.631993245,45.5,Europe & Central Asia,High income,Europe,1.772,5'10,1.678,5'6,29074.03935,1.11,26192.82824,5'9 1⁄2,5'4
Ivory Coast,CI,2018,4.943799973,5.072391987,4.815207958,2.739057302,0.569262862,0.807506382,0.231802166,0.351837605,0.153910443,0.090380818,5.26837492,8.236133575,0.620882571,49.5,0.712590039,-0.036959659,0.790966868,0.682098389,0.385631382,0.535438716,,,3.078240871,0.58428663,0.42,#N/A,#N/A,#N/A,#N/A,#N/A,#N/A,#N/A,#N/A,#N/A,#N/A,#N/A,#N/A,#N/A,0,5'7,5'2 1⁄2
Jamaica,JM,2017,5.889800072,6.126157284,5.65344286,2.124685049,0.831255019,1.477652073,0.831387699,0.489614457,0.106921144,0.028243694,5.889759064,9.011104584,0.91302985,67.09999847,0.860676348,-0.128097996,0.882796168,0.769282162,0.243399635,0.348201752,0.47238034,0.076472007,2.399337769,0.407374531,0.469,-0.318122864,-0.024594563,-0.611651165,26,Latin America & Caribbean,Upper middle income,South/Latin America,#N/A,#N/A,#N/A,#N/A,690181.9681,128.8715191,5355.581847,5'7 1⁄2,5'3 1⁄2
Japan,JP,2018,5.886099815,5.970136642,5.802062988,1.39872694,1.326505065,1.418597221,1.088217735,0.444959551,0.068852618,0.140215784,5.793575287,10.58161831,0.886431932,75,0.77347213,-0.272972286,0.686784506,0.703355014,0.185300156,0.384880394,,,1.916025519,0.330715567,0.321,-0.215164185,-0.111090278,-0.319238091,47.3,East Asia & Pacific,High income,Asia & Pacific,1.707,5'7,1.58,5'2,4338166.477,110.4231793,39286.73765,5'7 1⁄2,5'2
Jordan,JO,2018,4.905700207,5.019051552,4.792348862,1.406100988,0.837017715,1.224630475,0.814932108,0.383085638,0.109859772,0.130032584,4.638933659,9.024435043,0.799544334,66.80000305,0.762420297,-0.183489695,,,,,,,2.764460564,0.595925868,0.343,-0.696966171,-0.555211569,-0.838720774,22.5,Middle East & North Africa,Upper middle income,Arab States,#N/A,#N/A,#N/A,#N/A,3011.668026,0.71,4241.785953,0,5'2 1⁄2
Kazakhstan,KZ,2018,5.80880022,5.890469074,5.727131367,1.746346474,1.173473001,1.507715106,0.729368389,0.409854621,0.145751223,0.096313715,6.00763607,10.111166,0.936656713,64.59999847,0.84018296,-0.108595312,0.82378298,0.69319874,0.161542282,0.615031958,,,1.878688693,0.312716782,0.305866667,0.118075848,0.232266341,0.003885354,30.6,Europe & Central Asia,Upper middle income,Asia & Pacific,#N/A,#N/A,#N/A,#N/A,3216466.004,344.7058333,9331.046048,0,5'3
Kenya,KE,2018,4.508600235,4.626385689,4.390814781,1.576315641,0.51165092,0.983056307,0.581072628,0.430641025,0.37239188,0.053494811,4.655702591,8.03267765,0.706719875,60.09999847,0.821412981,0.306653082,0.844244063,0.759102881,0.236920774,0.675367296,,,2.749230623,0.590508223,0.4365,0.310025215,0.440575166,0.179475265,19.7,Sub-Saharan Africa,Lower middle income,Africa,#N/A,#N/A,#N/A,#N/A,173272.2781,101.301574,1710.459879,5'7,0
Kosovo,#N/A,2018,6.099999905,6.199129581,6.000870228,2.468988657,0.882358611,1.232447624,0.758264482,0.489467233,0.262007535,0.006446279,6.391825676,,0.82240653,65.14982605,0.88973701,,0.922078192,0.778271317,0.170248464,0.347546548,,,2.56380105,0.401106209,0.289909091,0.785133362,0.925724883,0.644541841,29.1,Europe & Central Asia,Upper middle income,#N/A,#N/A,#N/A,#N/A,#N/A,3627.052512,0.847186371,4281.292329,#N/A,#N/A
Kuwait,KW,2017,6.020699978,6.147952557,5.893447399,1.661340237,1.50025928,1.318883777,0.808344662,0.492781252,0.141657799,0.097401515,6.093905449,11.09027195,0.853491306,66.5,0.884181619,-0.039013941,,0.692071915,0.307320803,,-0.323726535,-0.11457786,2.355753183,0.386575282,,-0.054878712,0.115594568,-0.225351991,29.3,Middle East & North Africa,High income,Arab States,#N/A,#N/A,#N/A,#N/A,10341.67378,0.301956494,34248.88684,#N/A,#N/A
Kyrgyzstan,KG,2018,5.260700226,5.347937584,5.173462868,1.718980551,0.550570548,1.437874198,0.722674072,0.50775975,0.300060302,0.022747871,5.297383308,8.151305199,0.898147821,64.09999847,0.94494766,0.287731975,0.907405317,0.763270557,0.203300148,0.497065544,,,1.901606202,0.358970851,0.304117647,0.568883896,0.678202607,0.459565185,26.5,#N/A,#N/A,Asia & Pacific,#N/A,#N/A,#N/A,#N/A,#N/A,#N/A,0,0,5'2
Laos,LA,2018,4.796299934,4.881432056,4.711167812,1.472615719,0.764207542,1.03036046,0.551287234,0.547308445,0.266207457,0.164271683,4.85940218,8.813603401,0.70473814,58.70000076,0.906660974,0.140599459,0.634239852,0.852213562,0.331882507,,,,2.161453962,0.444798321,0.348,-0.364815235,-0.26983168,-0.459798791,23,#N/A,#N/A,#N/A,#N/A,#N/A,#N/A,#N/A,#N/A,#N/A,0,#N/A,#N/A
Latvia,LV,2018,5.939700127,6.010756493,5.868643761,2.073392868,1.186828136,1.464707375,0.811609626,0.264403462,0.074923523,0.063863285,5.901154041,10.18411732,0.913276315,66.80000305,0.608207643,-0.216999531,0.798949242,0.585233271,0.191870555,0.1971623,,,1.718401551,0.291197538,0.360333333,1.158709049,1.258269878,1.059148221,43.6,Europe & Central Asia,High income,Europe,#N/A,#N/A,#N/A,#N/A,15324.69264,1.11,13806.0294,#N/A,#N/A
Lebanon,LB,2018,5.197299957,5.284174919,5.110424995,1.762111187,0.986887097,1.224186301,0.814914525,0.215764999,0.166071773,0.027371738,5.167186737,9.507958412,0.829380631,67.09999847,0.60703069,-0.066325933,0.906650305,0.463880777,0.270688891,0.219074845,,,2.150793314,0.416240692,0.318,0.285462856,0.41534743,0.155578283,30.5,Middle East & North Africa,Upper middle income,Arab States,#N/A,#N/A,#N/A,#N/A,12466704.92,1507.5,8269.787676,#N/A,#N/A
Lesotho,LS,2017,3.80189991,3.962739229,3.641060591,1.416886568,0.488944083,1.169010162,0.167731375,0.358645082,0.107374467,0.093268812,3.795300722,7.955478668,0.768551648,47.29999924,0.756505191,-0.153132945,0.796859443,0.746201754,0.255303085,0.695299149,-0.105936453,-0.368156135,2.843776941,0.749288976,0.529,#N/A,#N/A,#N/A,24.2,Sub-Saharan Africa,Lower middle income,Africa,#N/A,#N/A,#N/A,#N/A,17534.6957,13.24091113,1324.281655,0,5'2
Liberia,LR,2018,3.975300074,4.114850998,3.835749149,1.90166235,0.072922349,0.921916664,0.443014652,0.369702518,0.233178347,0.032873478,4.134852886,6.630169868,0.726750135,56.09999847,0.765769541,0.096002631,0.867924094,0.659731567,0.436099499,0.70391202,,,3.718958378,0.899417341,0.3485,0.013915539,0.182948847,-0.155117769,17.8,Sub-Saharan Africa,Low income,Africa,#N/A,#N/A,#N/A,#N/A,674.2094847,144.0555758,4.680204018,0,5'2
Libya,LY,2018,5.525300026,5.646263123,5.404336929,1.803961515,1.044044137,1.303250432,0.673341751,0.416118175,0.132690132,0.151876763,5.493977547,,0.824165165,62.29999924,0.780558527,,0.645838797,0.705535412,0.398903102,,,,2.472342968,0.450009674,,#N/A,#N/A,#N/A,28.9,Middle East & North Africa,Upper middle income,Arab States,#N/A,#N/A,#N/A,#N/A,9871.47236,1.364966667,7232.024489,#N/A,#N/A
Lithuania,LT,2018,6.149000168,6.235526562,6.062473774,2.201612949,1.238211274,1.515273213,0.818091512,0.291399926,0.042640891,0.041811943,6.308878899,10.33951187,0.929350138,67.30000305,0.698945105,-0.240978554,0.851745069,0.516805112,0.213559717,0.323758096,,,1.953950167,0.309714317,0.355,0.333358765,0.451506825,0.215210704,43.7,Europe & Central Asia,High income,Europe,#N/A,#N/A,#N/A,#N/A,16172.54003,1.11,14569.85588,5'11 1⁄2,5'6
Luxembourg,LU,2018,7.090300083,7.152489662,7.028110504,1.954085827,1.608761549,1.478806734,1.012482047,0.526162326,0.194300398,0.315696567,7.242630959,11.45392799,0.902192414,72.59999847,0.883929849,-0.025496062,0.385146111,0.750309467,0.201894343,0.755200863,,,1.344781637,0.185675845,0.316076923,#N/A,#N/A,#N/A,39.3,Europe & Central Asia,High income,Europe,#N/A,#N/A,#N/A,#N/A,96867.7122,1.11,87268.20919,#N/A,#N/A
Macedonia,MK,2018,5.273600101,5.364760399,5.182439804,1.595067739,0.983121395,1.293918848,0.837931395,0.344850063,0.184776112,0.033954691,5.239834785,9.503044128,0.84891516,67.5,0.744800925,-0.04029087,0.909934342,0.590138078,0.298352867,0.396141589,,,2.150596857,0.41043219,0.390166667,0.780021667,0.96536227,0.594681064,37.9,#N/A,#N/A,Europe,#N/A,#N/A,#N/A,#N/A,#N/A,#N/A,0,#N/A,#N/A
Madagascar,MG,2018,3.932699919,4.032850266,3.83254981,1.830630302,0.274075627,0.916107059,0.554548025,0.147793695,0.168994516,0.040512949,4.070586681,7.279894829,0.665512979,59.09999847,0.551473081,0.00569242,0.889145672,0.752341032,0.362013817,0.442305923,,,2.574611664,0.632491529,0.43075,-0.376665831,-0.24924247,-0.504089191,19.7,Sub-Saharan Africa,Low income,Africa,#N/A,#N/A,#N/A,#N/A,1536188.331,3334.752255,460.660407,0,5'1⁄2
Malawi,MW,2018,3.409800053,3.525418043,3.294182062,1.412618637,0.190973341,0.560136735,0.495386094,0.443425298,0.218095511,0.0891838,3.334633589,7.005932331,0.527843475,57.59999847,0.798915148,0.065060876,0.765963793,0.586300433,0.364894032,0.572984874,,,3.128339529,0.938135922,0.427,-0.951120138,-0.789039107,-1.11320117,16.5,Sub-Saharan Africa,Low income,Africa,#N/A,#N/A,#N/A,#N/A,285168.8351,732.3333333,389.3975901,#N/A,#N/A
Malaysia,MY,2018,5.338799953,5.461232185,5.216367722,1.326406479,1.220589519,1.171200156,0.828095078,0.508167326,0.260062844,0.024296321,5.338817596,10.23550415,0.789408565,67,0.874548256,0.112881355,0.894131124,0.824454665,0.200366735,0.732398391,,,1.642822981,0.307712883,0.439833333,-0.696624279,-0.557255683,-0.835992875,28.5,East Asia & Pacific,Upper middle income,Asia & Pacific,#N/A,#N/A,#N/A,#N/A,45350.6556,4.035130137,11238.95737,5'5 1⁄2,5'1
Mali,ML,2018,4.390399933,4.498217106,4.28258276,2.06065464,0.384862125,1.104720116,0.30786097,0.327313155,0.153068468,0.051940896,4.415729523,7.627428055,0.691859066,51.70000076,0.737204552,-0.031888556,0.793091416,0.770017266,0.369648188,0.510795414,,,2.631044626,0.595834672,0.372666667,0.325972557,0.460245329,0.191699785,15.8,Sub-Saharan Africa,Low income,Africa,#N/A,#N/A,#N/A,#N/A,500925.748,555.7178304,901.4030513,#N/A,#N/A
Malta,MT,2018,6.725599766,6.809556484,6.641643047,1.816316128,1.299941063,1.519689083,0.999311447,0.564293742,0.37533626,0.15072161,6.909710884,,0.931541502,72.19999695,0.927340686,,0.595199883,0.721224427,0.295698792,0.757713675,,,1.81986022,0.26337719,0.2911,#N/A,#N/A,#N/A,41.8,Middle East & North Africa,High income,Europe,#N/A,#N/A,#N/A,#N/A,25478.91085,1.11,22953.97374,5'7,5'3
Mauritania,MR,2018,4.490300179,4.591343403,4.389256954,2.005175352,0.569634616,1.167221665,0.488745421,0.065775268,0.105584152,0.08815565,4.313615322,8.196549416,0.801595509,57,0.466888547,-0.095451452,0.710529268,0.663382471,0.275557995,0.258394152,,,2.119996548,0.491466284,0.36875,0.291594028,0.427961314,0.155226743,20.5,Sub-Saharan Africa,Lower middle income,Arab States,#N/A,#N/A,#N/A,#N/A,43492.68075,35.6775,1219.050683,#N/A,#N/A
Mauritius,MU,2018,5.888199806,5.991206169,5.785193443,1.795360565,1.119823694,1.401661277,0.798438787,0.498120785,0.215302408,0.059529167,5.88174057,9.956447601,0.90884155,66.40000153,0.866928101,-0.082134947,0.78524971,0.77395165,0.157993257,0.619251132,,,2.557258368,0.434779197,0.3575,#N/A,#N/A,#N/A,35.3,Sub-Saharan Africa,Upper middle income,Africa,#N/A,#N/A,#N/A,#N/A,381378.2153,33.93445,11238.67384,#N/A,#N/A
Mexico,MX,2018,6.594500065,6.686737061,6.502263069,2.761198044,1.069790006,1.323075771,0.861113787,0.433117807,0.073544733,0.072707132,6.549578667,9.769919395,0.858068883,68.30000305,0.816200495,-0.181818426,0.808638096,0.88171345,0.213254362,0.294568479,,,2.326329947,0.355187714,0.4698,-0.050807476,0.080233111,-0.181848063,28.3,Latin America & Caribbean,Upper middle income,South/Latin America,1.72,5'7.5,1.6,5'3,186564.6265,19.24434167,9694.51851,5'7 1⁄2,5'2 1⁄2
Moldova,MD,2018,5.52850008,5.604431629,5.452568531,2.350009203,0.685384274,1.327991962,0.739263892,0.245268017,0.180546552,0,5.682277203,8.592376709,0.89207989,65,0.823824346,-0.033677354,0.928719878,0.58171463,0.27007246,0.237631857,,,2.034441233,0.358032733,0.326058824,0.401154518,0.507322369,0.294986668,36.7,Europe & Central Asia,Lower middle income,#N/A,#N/A,#N/A,#N/A,#N/A,53587.87529,16.80205172,3189.364976,0,5'3 1⁄2
Mongolia,MN,2018,5.285399914,5.362427711,5.208372116,1.5504601,0.947823763,1.530638218,0.666763842,0.316532463,0.235220835,0.037966382,5.464622974,9.41570282,0.941514134,62.29999924,0.695546806,0.040724155,0.848502219,0.654125035,0.191890299,0.270371318,,,2.010124445,0.367843211,0.334,0.73545599,0.848070206,0.622841774,28.3,East Asia & Pacific,Lower middle income,Asia & Pacific,#N/A,#N/A,#N/A,#N/A,10146326.8,2472.484051,4103.697574,5'6 1⁄2,5'2
Montenegro,ME,2018,5.522900105,5.620594501,5.425205708,1.821559906,1.050553441,1.360719085,0.870898545,0.196936682,0.142251536,0.079953268,5.650189877,9.732954979,0.855979621,68.5,0.626431286,-0.04869676,0.768922508,0.589933157,0.354935259,0.398499161,,,2.270362854,0.40182063,0.3094,0.326557159,0.571516738,0.081597581,40.7,Europe & Central Asia,Upper middle income,Europe,#N/A,#N/A,#N/A,#N/A,7422.058505,0.847186371,8760.833221,6'0,5'6 1⁄2
Morocco,MA,2018,5.208099842,5.308405399,5.107794285,2.313987494,0.801193357,0.78200531,0.781668484,0.417605668,0.035600699,0.076084554,4.896791935,8.937397957,0.553759754,65.90000153,0.773180425,-0.245612621,0.843172729,0.638049185,0.415981561,,,,2.710511208,0.553527951,0.402666667,#N/A,#N/A,#N/A,29.3,Middle East & North Africa,Lower middle income,Arab States,#N/A,#N/A,#N/A,#N/A,30391.09708,9.386102421,3237.882533,0,5'2 1⁄2
Mozambique,MZ,2018,4.466199875,4.642301559,4.29009819,2.057934761,0.203644618,0.985662162,0.390126705,0.493750036,0.19734861,0.137761548,4.653713703,7.039377689,0.738480449,54.20000076,0.896621585,0.053591631,0.691220403,0.639639556,0.397278726,0.832037926,,,3.32643199,0.714790881,0.488666667,-0.22653532,-0.038506761,-0.414563879,17.2,Sub-Saharan Africa,Low income,Africa,#N/A,#N/A,#N/A,#N/A,29569.01628,60.32620764,490.1520821,0,5'1 1⁄2
Myanmar,MM,2018,4.3604002,4.442070007,4.278730392,0.651904345,0.709860146,1.180549979,0.554679692,0.525412977,0.565824986,0.172200099,4.410633087,8.685232162,0.773825943,59,0.906110823,0.469964564,0.646725893,0.776950598,0.300140351,0.878752649,,,2.28704071,0.518528879,0.381,#N/A,#N/A,#N/A,#N/A,East Asia & Pacific,Lower middle income,Asia & Pacific,#N/A,#N/A,#N/A,#N/A,1936594.156,1429.807975,1354.443527,#N/A,#N/A
Namibia,NA,2018,4.639200211,4.777171612,4.501228809,1.443243265,0.878536761,1.312795639,0.477468967,0.400894761,0.070063584,0.056221496,4.834087849,9.15621376,0.864214778,56.5,0.75390476,-0.175729156,0.845942497,0.739386976,0.240249082,0.62446779,,,2.101937532,0.434815764,0.611333333,-0.246362686,-0.075203351,-0.417522021,21.2,Sub-Saharan Africa,Upper middle income,Africa,#N/A,#N/A,#N/A,#N/A,78479.65949,13.23394167,5930.180249,0,5'3 1⁄2
Nepal,NP,2018,4.912700176,5.03108263,4.794317722,1.751112223,0.445604324,1.225566864,0.677342176,0.439294577,0.284695148,0.089128196,4.910086632,7.851007462,0.768335521,63.5,0.770093679,0.132780746,0.741752803,0.536977708,0.386792421,0.648398161,,,3.040154457,0.619165123,0.383,0.327847958,0.465596452,0.190099463,24.1,South Asia,Low income,Asia & Pacific,#N/A,#N/A,#N/A,#N/A,107065.6518,108.9301341,982.8836866,5'4,4'11 1⁄2
Netherlands,NL,2018,7.48759985,7.542098045,7.433101654,2.392894745,1.396020412,1.521903396,0.999313712,0.557075202,0.322439581,0.297978073,7.463097095,10.8092041,0.939443171,72.30000305,0.919985175,0.155536488,0.370557785,0.861976624,0.204794183,0.656541049,,,1.234732628,0.165445074,0.286333333,-0.02821207,0.056406944,-0.112831085,42.6,Europe & Central Asia,High income,Europe,#N/A,#N/A,#N/A,#N/A,44882.60908,1.11,40434.78295,5'11,5'6
New Zealand,NZ,2018,7.307499886,7.382892132,7.232107639,2.126791477,1.302586317,1.55723393,1.025635242,0.585146487,0.329842687,0.380280942,7.370285988,10.50147724,0.953862727,73.19999695,0.94930017,0.116750032,0.206580222,0.845362604,0.16795145,0.64246124,,,1.56991601,0.213006124,,-0.10918951,0.004801416,-0.223180437,37.9,East Asia & Pacific,High income,Asia & Pacific,#N/A,#N/A,#N/A,#N/A,60651.72449,1.445258333,41966.00918,5'9 1⁄2,5'4 1⁄2
Nicaragua,NI,2018,6.105000019,6.218458176,5.991541862,2.490350723,0.693882525,1.324528933,0.834705114,0.434626192,0.199506402,0.127381057,5.81895256,8.614512444,0.854276538,67.5,0.797056854,0.002830009,0.712824762,0.792649329,0.408349842,0.343466878,,,2.711075544,0.465904385,0.4795,1.26364994,1.426061091,1.10123879,25.7,Latin America & Caribbean,Lower middle income,South/Latin America,#N/A,#N/A,#N/A,#N/A,64018.21439,31.55321233,2028.896891,0,5'1⁄2
Niger,NE,2018,4.627500057,4.765244484,4.48975563,2.741546631,0.138063475,0.773602247,0.365629971,0.318377316,0.187925041,0.102343954,5.164007187,6.844517708,0.612025678,53.5,0.790665627,0.023082649,0.637166798,0.770557642,0.502554536,0.747923851,,,3.570200443,0.691362381,0.36875,0.54756546,0.699423025,0.395707896,15.4,Sub-Saharan Africa,Low income,Africa,#N/A,#N/A,#N/A,#N/A,228782.8734,555.7178304,411.68892,#N/A,#N/A
Nigeria,NG,2018,5.2645998,5.389429569,5.139770031,2.529876709,0.696423471,1.111040831,0.245146558,0.426005244,0.215326026,0.040824309,5.252288342,8.577632904,0.740854204,49.70000076,0.789881051,-0.020767037,0.865602672,0.80526185,0.256469876,0.45174095,,,2.639125586,0.502471566,0.4155,0.417844772,0.561771562,0.273917982,18.4,Sub-Saharan Africa,Lower middle income,Africa,#N/A,#N/A,#N/A,#N/A,659159.1403,306.0836882,2153.525868,5'4 1⁄2,5'2
North Cyprus,#N/A,2018,5.717700005,5.818994522,5.616405487,1.390300274,1.263155937,1.251954913,1.0421561,0.417481899,0.190667853,0.161937624,5.608056068,,0.837391794,,0.797066092,,0.613837004,0.480453104,0.261867821,0.378323644,,,1.807883143,0.322372526,,#N/A,#N/A,#N/A,#N/A,#N/A,#N/A,#N/A,#N/A,#N/A,#N/A,#N/A,#N/A,#N/A,0,#N/A,#N/A
Norway,NO,2018,7.553899765,7.61563921,7.49216032,2.240764141,1.487766981,1.581548333,1.028122902,0.60349983,0.27130419,0.340883523,7.444262028,11.08562565,0.965961933,73.19999695,0.960429013,0.075728491,0.268201441,0.827414036,0.21186237,0.679502964,,,1.519595385,0.204129755,0.272230769,0.029889107,0.140475129,-0.080696916,39.2,Europe & Central Asia,High income,Europe,1.816,5'11.5,1.682,5'6,665297.038,8.1325,81807.19804,5'10 1⁄2,5'6
Oman,OM,2011,#N/A,#N/A,#N/A,#N/A,#N/A,#N/A,#N/A,#N/A,#N/A,#N/A,6.852982044,10.64831161,,65.5,0.916293025,-0.008942388,,,0.295164108,,-0.314025074,0.295601457,2.101622581,0.306672722,,#N/A,#N/A,#N/A,25.6,Middle East & North Africa,High income,Arab States,#N/A,#N/A,#N/A,#N/A,6313.077404,0.3845,16418.92693,#N/A,#N/A
Pakistan,PK,2018,5.652999878,5.731922626,5.574077129,2.923630714,0.676521182,0.88627249,0.535022736,0.313266665,0.220373973,0.097903647,5.471553802,8.561663628,0.685059488,58.5,0.77256912,0.053521562,0.798841655,0.567294776,0.376706064,0.58938849,,,2.36315012,0.431897461,0.315125,0.702796459,0.822191263,0.583401656,23.8,South Asia,Lower middle income,Asia & Pacific,1.693,5'6.5,1.59,5'2.5,162083.1993,121.8240689,1330.469428,#N/A,#N/A
Palestinian Territories,PS,2018,4.69630003,4.80589819,4.58670187,1.726990461,0.656588614,1.24704206,0.671695411,0.224934652,0.102886073,0.066178463,4.5539217,,0.819479287,,0.654534519,,0.813779533,0.610405445,0.418928534,0.392373383,,,2.580389261,0.566630125,,0.279308796,0.42854536,0.130072232,#N/A,#N/A,#N/A,#N/A,#N/A,#N/A,#N/A,#N/A,#N/A,#N/A,0,#N/A,#N/A
Panama,PA,2018,6.32130003,6.433317184,6.209282875,2.141230106,1.149399042,1.441561818,0.910402656,0.515665114,0.108790815,0.054285146,6.281434059,10.0497303,0.904389799,69.59999847,0.861448109,-0.122782208,0.83693099,0.883580506,0.222598746,0.277477711,,,2.532861233,0.403229773,0.532647059,-0.329441071,-0.186123742,-0.472758399,29.2,Latin America & Caribbean,High income,South/Latin America,#N/A,#N/A,#N/A,#N/A,15575.07255,1,15575.07255,#N/A,#N/A
Paraguay,PY,2017,5.7427001,5.837195396,5.648204803,1.857300997,0.855466783,1.475348949,0.776505172,0.514176011,0.183693036,0.080241509,5.71329546,9.085571289,0.902042508,65.5,0.891171455,0.018430408,0.809900761,0.902772129,0.231783673,0.381784081,0.037547644,-0.604874909,2.428467274,0.425055444,0.5133125,0.55090189,0.680867656,0.420936123,28.2,Latin America & Caribbean,Upper middle income,South/Latin America,#N/A,#N/A,#N/A,#N/A,33655863.37,5732.104556,5871.46711,#N/A,#N/A
Peru,PE,2018,5.697100163,5.811408043,5.582792282,2.043782949,0.959802091,1.273691654,0.854449511,0.454530954,0.083420344,0.02738592,5.679661274,9.434348106,0.84530139,68.09999847,0.829641998,-0.188079551,0.906244636,0.808621466,0.380032867,0.202403098,,,2.694195509,0.474358469,0.479647059,0.644942284,0.797329854,0.492554713,28,Latin America & Caribbean,Upper middle income,South/Latin America,#N/A,#N/A,#N/A,#N/A,22832.85363,3.286602698,6947.250924,5'4 1⁄2,4'11 1⁄2
Philippines,PH,2018,5.631400108,5.743813992,5.518986225,2.092136145,0.807362616,1.292568922,0.656877875,0.55818367,0.117282197,0.107008182,5.869172573,8.985702515,0.845803261,61.90000153,0.917808175,-0.113129161,0.726483345,0.772846103,0.393481076,0.802007139,,,2.700257778,0.460074693,,0.85986805,1.017107893,0.702628207,23.5,East Asia & Pacific,Lower middle income,Asia & Pacific,1.65,5'5,1.505,4'11,163393.2295,52.66142995,3102.711598,5'4 1⁄2,5'0
Poland,PL,2017,6.18170023,6.269246101,6.094154358,2.003209591,1.205935597,1.438479781,0.884074628,0.482749462,0.116743952,0.050494518,6.201268196,10.21157646,0.881854117,68.90000153,0.830842614,-0.127978221,,0.677435517,0.203387797,0.502480447,0.651249409,0.678492665,1.627442837,0.262437105,,0.445039272,0.60431675,0.285761795,40.7,Europe & Central Asia,High income,Europe,#N/A,#N/A,#N/A,#N/A,55707.02703,3.611716667,15423.97485,5'8,5'3
Portugal,PT,2018,5.692500114,5.792170048,5.592830181,1.461723328,1.220729947,1.430803418,0.999308705,0.508114755,0.046816759,0.024964742,5.919822693,10.26201248,0.887113273,72.40000153,0.877404213,-0.262738109,0.87972784,0.679104149,0.317994744,0.520630658,,,2.17062211,0.366670132,0.367538462,0.129142284,0.284726482,-0.026441913,42.2,Europe & Central Asia,High income,Europe,1.737,5'8.5,1.637,5'4.5,19608.75111,1.11,17665.54154,5'8 1⁄2,0
Qatar,QA,2015,6.374499798,6.567976475,6.181023121,1.564965725,1.684093833,1.313062191,0.87089932,0.555309415,0.219678476,0.166520208,6.374529362,11.6931572,,68.30000305,,,,,,,-0.074040085,0.823927343,2.25641799,0.353974044,,#N/A,#N/A,#N/A,33.2,Middle East & North Africa,High income,Arab States,#N/A,#N/A,#N/A,#N/A,251256.3464,3.64,69026.4688,5'7,5'3 1⁄2
Romania,RO,2018,6.069699764,6.163336277,5.976063251,2.302030802,1.161848903,1.231503129,0.824790239,0.462159187,0.08263395,0.00477897,6.150878906,10.11209297,0.81793046,67.19999695,0.84515959,-0.220031843,0.921170175,0.735342503,0.298453927,0.226351306,,,2.196567297,0.357114375,0.3658,0.851185799,1.003695364,0.698676233,41.1,Europe & Central Asia,Upper middle income,Europe,#N/A,#N/A,#N/A,#N/A,48486.35633,3.941616667,12301.13439,5'7 1⁄2,5'2
Russia,RU,2018,5.647900105,5.712582111,5.583218098,1.839160204,1.183108807,1.452370405,0.726103067,0.334281355,0.082048059,0.030859722,5.513500214,10.13239002,0.908726096,64.30000305,0.7292822,-0.156226307,0.865311563,0.673346281,0.198796302,0.45583874,,,2.181481361,0.395661801,0.3975,0.384646416,0.470808164,0.298484667,39.6,#N/A,#N/A,#N/A,1.76,5'9.5,1.68,5'6,#N/A,#N/A,0,5'7 1⁄2,5'2 1⁄2
Rwanda,RW,2018,3.333800077,3.425188065,3.24241209,0.467254639,0.359488189,0.711047769,0.61399585,0.554569781,0.216654509,0.410825759,3.5610466,7.567531109,0.616172731,61.09999847,0.924231648,0.057107586,0.163809955,0.793367624,0.308199167,0.988120437,,,2.332269907,0.654939473,0.482,-0.939872742,-0.819828391,-1.059917093,19,Sub-Saharan Africa,Low income,Africa,#N/A,#N/A,#N/A,#N/A,665667.4204,861.0934122,773.0490223,0,5'2
Saudi Arabia,SA,2018,6.374700069,6.481081486,6.268318653,2.168886662,1.402893305,1.356541038,0.795224369,0.438691199,0.080383413,0.132059455,6.356393337,10.79797173,0.867848396,66.30000305,0.85492152,-0.209563509,,0.764405489,0.288379908,,,,2.32445097,0.365687102,,-0.665636539,-0.542221171,-0.789051908,27.5,Middle East & North Africa,High income,Arab States,#N/A,#N/A,#N/A,#N/A,87071.73931,3.75,23219.13048,5'6 1⁄2,5'1 1⁄2
Senegal,SN,2018,4.681099892,4.764492512,4.597707272,2.009264231,0.449954122,1.134239197,0.571083546,0.291670978,0.153075278,0.071784303,4.769377232,7.850693703,0.739354789,59.59999847,0.629223466,-0.061628066,0.80477947,0.713894129,0.247074723,0.588927925,,,1.964082003,0.411810994,0.402333333,0.088107586,0.193587818,-0.017372647,18.8,Sub-Saharan Africa,Lower middle income,Africa,#N/A,#N/A,#N/A,#N/A,845776.6809,555.7178304,1521.953471,0,5'4
Serbia,RS,2018,5.603000164,5.705298901,5.500701427,1.904164791,1.003810525,1.382960081,0.854364574,0.282373488,0.136767998,0.038599625,5.936493397,9.584803581,0.852945328,68.19999695,0.739891827,-0.09851145,0.863723576,0.558940828,0.296295851,0.476144999,,,2.246088505,0.378352731,,0.852657318,1.019670822,0.685643814,42.6,Europe & Central Asia,Upper middle income,Europe,#N/A,#N/A,#N/A,#N/A,724666.2601,100.175075,7233.99768,5'11 1⁄2,5'5 1⁄2
Sierra Leone,SL,2018,4.374199867,4.510166168,4.238233566,2.416184425,0.268262029,0.841168702,0.242186084,0.309131563,0.252243549,0.045018826,4.305683136,7.26616621,0.649638355,50.79999924,0.716484487,0.101580702,0.855733216,0.551628053,0.466266662,0.779726207,,,3.048084021,0.707921147,0.371,0.970707417,1.130943911,0.810470922,19,Sub-Saharan Africa,Low income,Africa,#N/A,#N/A,#N/A,#N/A,4147118.106,7931.63175,522.8581251,#N/A,#N/A
Singapore,SG,2018,6.262000084,6.324237347,6.199762821,0.806953907,1.571575403,1.463217854,1.140899181,0.556060553,0.270588189,0.452686846,6.374564171,,0.902840674,76.80000305,0.91607821,,0.096562929,0.787092984,0.106870778,0.892469287,,,1.577076435,0.247401446,,-0.379041195,-0.297932906,-0.460149484,34.6,East Asia & Pacific,High income,Asia & Pacific,#N/A,#N/A,#N/A,#N/A,87108.12609,1.348841667,64579.94904,5'7 1⁄2,5'3
Slovakia,SK,2018,6.197599888,6.275430202,6.119769573,2.097182751,1.246229172,1.504342675,0.880750656,0.334179163,0.120920323,0.014040469,6.23511076,10.35223579,0.922378719,68.90000153,0.757634044,-0.179692462,0.909944654,0.75410521,0.253190041,0.327658623,,,1.775069594,0.284689337,0.26725,0.932968616,1.085551095,0.780386138,40.5,#N/A,#N/A,Europe,#N/A,#N/A,#N/A,#N/A,#N/A,#N/A,0,5'10 1⁄2,5'5
Slovenia,SI,2018,6.1177001,6.209365368,6.026034832,1.618016243,1.257892132,1.523151755,0.953217924,0.563892961,0.144280106,0.057225723,6.249419212,10.39720345,0.940971196,71.09999847,0.942045867,-0.12239641,0.839252532,0.643971622,0.27548486,0.239274636,,,1.946573853,0.311480761,0.2495,0.30641222,0.485065155,0.127759285,44.5,Europe & Central Asia,High income,Europe,#N/A,#N/A,#N/A,#N/A,22225.10666,1.11,20022.61861,#N/A,#N/A
Somalia,SO,2016,4.667900085,4.811047554,4.524752617,2.628904104,0,0.697799802,0.268348932,0.559325159,0.243064195,0.270498842,4.667941093,,0.594416559,50,0.917322814,,0.44080174,0.891423166,0.193282232,0.700681686,-2.134840965,-2.125517845,2.17738986,0.466456145,,#N/A,#N/A,#N/A,18.1,Sub-Saharan Africa,Low income,Arab States,#N/A,#N/A,#N/A,#N/A,11952144.81,0,0,#N/A,#N/A
Somaliland region,#N/A,2012,#N/A,#N/A,#N/A,#N/A,#N/A,#N/A,#N/A,#N/A,#N/A,#N/A,5.057314396,,0.786291242,,0.758219004,,0.333831728,0.73518914,0.152428225,0.651241541,,,1.84780252,0.3653723,,#N/A,#N/A,#N/A,#N/A,#N/A,#N/A,#N/A,#N/A,#N/A,#N/A,#N/A,#N/A,#N/A,0,#N/A,#N/A
South Africa,ZA,2018,4.722199917,4.83756876,4.606831074,1.368621826,0.959680498,1.350676179,0.46916759,0.389366806,0.129988983,0.054727621,4.8839221,9.411724091,0.841343999,56.5,0.752731323,-0.059033662,0.841192603,0.812166572,0.282708496,0.5246858,,,2.712254763,0.555343568,0.624,-0.490183353,-0.345718584,-0.634648123,27.1,Sub-Saharan Africa,Upper middle income,Africa,1.69,5'6.5,1.59,5'2.5,83929.62488,13.24091113,6338.65933,5'6,5'2 1⁄2
South Korea,KR,2018,5.89470005,5.984496117,5.804903984,1.948869944,1.300998807,1.219189882,1.035575271,0.159300208,0.174697116,0.056033142,5.840231419,10.51157761,0.79772383,73.59999847,0.600161672,-0.093965843,0.796825886,0.66120857,0.217145726,0.389084011,,,2.043847322,0.349959999,0.319,0.403516293,0.551286512,0.255746073,#N/A,#N/A,#N/A,#N/A,#N/A,#N/A,#N/A,#N/A,#N/A,#N/A,0,5'7,5'2
South Sudan,SS,2017,2.852600098,3.004615068,2.700585127,1.37434113,0.305842638,0.574935913,0.294648081,0.010213722,0.202083722,0.090528905,2.816622496,,0.556822658,51,0.456011087,,0.761269629,0.585602164,0.517363787,0.461550504,-2.138769388,-2.018496752,2.736837626,0.971673548,0.463,#N/A,#N/A,#N/A,17.3,Sub-Saharan Africa,Low income,Africa,#N/A,#N/A,#N/A,#N/A,13247.15818,141.3858333,93.69508863,#N/A,#N/A
Spain,ES,2018,6.354100227,6.431950092,6.276250362,1.92850399,1.285785675,1.484433174,1.061871409,0.36209327,0.152895793,0.078565262,6.513370991,10.46559429,0.910314679,74.40000153,0.7222507,-0.079350598,0.776504457,0.659188032,0.357190847,0.285195619,,,1.667077065,0.255946904,0.345384615,-0.792788029,-0.686777739,-0.898798319,42.7,Europe & Central Asia,High income,Europe,1.78,5'10,1.662,5'5.5,25859.39754,1.11,23296.75454,5'8,0
Sri Lanka,LK,2018,4.36590004,4.489637852,4.242162228,0.559325933,0.949410379,1.264864445,0.831414044,0.470386654,0.243934929,0.046525083,4.400223255,9.400387764,0.828065395,67.19999695,0.852628171,0.086762413,0.85801667,0.831292987,0.301279366,0.57613039,,,2.356080294,0.535445631,0.3934,-0.030250072,0.117044639,-0.177544784,32.8,South Asia,Upper middle income,Asia & Pacific,#N/A,#N/A,#N/A,#N/A,666817.3187,162.4648587,4104.37878,5'4 1⁄2,4'11 1⁄2
Sudan,SD,2014,#N/A,#N/A,#N/A,#N/A,#N/A,#N/A,#N/A,#N/A,#N/A,#N/A,4.138672829,8.340058327,0.81061554,55.11999893,0.3900958,-0.072780952,0.793785036,0.540845037,0.302724987,,-2.049856186,-1.397204399,2.62220645,0.633586287,0.354,#N/A,#N/A,#N/A,19.9,Sub-Saharan Africa,Lower middle income,Arab States,#N/A,#N/A,#N/A,#N/A,23817.38009,0.022,1082608.186,#N/A,#N/A
Suriname,SR,2012,#N/A,#N/A,#N/A,#N/A,#N/A,#N/A,#N/A,#N/A,#N/A,#N/A,6.269286633,9.624583244,0.797262073,62.24000168,0.885488451,-0.076574653,0.751282871,0.764222682,0.250364989,0.72176528,0.210094452,-0.21857205,1.948390126,0.310783386,,#N/A,#N/A,#N/A,29.8,Latin America & Caribbean,Upper middle income,South/Latin America,#N/A,#N/A,#N/A,#N/A,44403.47158,7.462511198,5950.205018,#N/A,#N/A
Swaziland,SZ,2018,4.211599827,4.392202854,4.030996799,1.729523897,0.810798168,1.149238825,0,0.31334427,0.073977143,0.13468273,4.211565018,8.946770668,0.779269755,,0.709973693,-0.17993772,0.692341149,0.824354708,0.252339154,0.689548731,,,2.426092625,0.576054871,0.523,#N/A,#N/A,#N/A,21.7,#N/A,#N/A,Africa,#N/A,#N/A,#N/A,#N/A,#N/A,#N/A,0,0,5'2 1⁄2
Sweden,SE,2018,7.343299866,7.416332722,7.27026701,2.245527267,1.386577249,1.487306714,1.009202957,0.574420393,0.267024308,0.373202175,7.374792099,10.76693249,0.93067956,72.59999847,0.941724658,0.069573253,0.262796581,0.822675705,0.160755426,0.49439624,,,1.601521969,0.217161641,0.274153846,-0.034930229,0.060866867,-0.130727325,41.2,Europe & Central Asia,High income,Europe,#N/A,#N/A,#N/A,#N/A,470369.3102,8.692518333,54111.97217,5'11 1⁄2,5'5 1⁄2
Switzerland,CH,2018,7.480199814,7.552696228,7.4077034,2.2721138,1.452244639,1.526278615,1.051989079,0.57151413,0.263463974,0.342615664,7.508586884,10.97594547,0.930290997,74.09999847,0.926414549,0.096368961,0.301259965,0.792225957,0.191520154,0.84997946,,,1.639631867,0.218367577,0.3281,0.006967068,0.138314627,-0.124380492,42.4,Europe & Central Asia,High income,Europe,#N/A,#N/A,#N/A,#N/A,81006.80846,0.977883333,82838.92944,5'10,0
Syria,SY,2015,3.461899996,3.663568735,3.260231256,1.541491985,0.618756175,0.377679586,0.43956545,0.012818205,0.330791861,0.140809566,3.46191287,,0.463912874,55.20000076,0.448270857,,0.685236931,0.369439602,0.642588735,,-2.448227882,-1.54867959,2.812082291,0.812291443,0.358,-1.861419439,-1.604242408,-2.11859647,24.3,#N/A,#N/A,#N/A,#N/A,#N/A,#N/A,#N/A,#N/A,#N/A,0,#N/A,#N/A
Taiwan Province of China,CN-TW,2018,6.446199894,6.527850151,6.364549637,2.044986248,1.368086576,1.43041575,0.913703263,0.350553393,0.241696522,0.096795902,6.467004776,,0.896458745,,0.741032779,,0.735970736,0.848398566,0.092695646,0.311722934,,,1.69088614,0.261463553,,0.578320503,0.716462611,0.440178396,#N/A,#N/A,#N/A,#N/A,#N/A,#N/A,#N/A,#N/A,#N/A,#N/A,0,#N/A,#N/A
Tajikistan,TJ,2017,5.467299938,5.568359375,5.366240501,2.396641254,0.49311772,1.097571731,0.717802763,0.388559431,0.229705334,0.143859774,5.829234123,7.971400738,0.662693322,63.79999924,0.832002461,0.122264013,0.71833688,0.602667689,0.277725339,0.92979306,-1.195175648,-1.216368675,2.212850571,0.379612565,0.3266,0.764082909,0.885358793,0.642807024,24.5,Europe & Central Asia,Low income,Asia & Pacific,#N/A,#N/A,#N/A,#N/A,7564.57895,9.151216667,826.6200251,#N/A,#N/A
Tanzania,TZ,2018,3.230700016,3.347132683,3.114267349,0.530644417,0.475853741,0.884855092,0.498772502,0.417150706,0.276293755,0.147166774,3.445023298,7.928911209,0.6753304,57.5,0.807142138,0.14175652,0.611534059,0.762089312,0.221005499,0.914648473,,,2.665683508,0.773778081,0.384666667,-0.981668234,-0.831949109,-1.131387359,17.7,Sub-Saharan Africa,Low income,#N/A,#N/A,#N/A,#N/A,#N/A,2378498.256,2263.780634,1050.675238,0,5'1 1⁄2
Thailand,TH,2018,6.007999897,6.102703571,5.913296223,1.777231216,1.049701214,1.408824563,0.828100622,0.557166278,0.358971566,0.027993433,6.011561871,9.734828949,0.873052418,67.19999695,0.90482825,0.251650214,0.906596005,0.843489408,0.198190212,0.605364442,,,2.105742693,0.350282133,0.396692308,0.227016449,0.342527876,0.111505022,37.7,East Asia & Pacific,Upper middle income,Asia & Pacific,#N/A,#N/A,#N/A,#N/A,235010.2819,32.31022574,7273.557412,5'7,5'2 1⁄2
Togo,TG,2018,4.084899902,4.197439194,3.972360611,2.272557735,0.275261313,0.572351992,0.409782052,0.292966723,0.176625118,0.085305378,4.022894859,7.287405491,0.596353889,54.70000076,0.611966252,-0.007062926,0.808537722,0.608448625,0.446454376,0.323221207,,,2.110910177,0.524724185,0.437666667,1.077363253,1.224834268,0.929892237,19.8,Sub-Saharan Africa,Low income,Africa,#N/A,#N/A,#N/A,#N/A,373005.9497,555.7178304,671.2146512,0,5'2 1⁄2
Trinidad and Tobago,TT,2017,6.191899776,6.416218758,5.967580795,2.08145237,1.23055613,1.476664662,0.712853253,0.489426583,0.185256019,0.0156506,6.191859722,10.26684761,0.916029036,63.5,0.859140456,-0.004832509,0.911336362,0.846467078,0.248098806,0.272540897,0.420911133,-0.046981119,2.276676893,0.367688715,,-0.070765018,0.200296764,-0.341826801,36,Latin America & Caribbean,High income,South/Latin America,#N/A,#N/A,#N/A,#N/A,114043.6505,6.770750898,16843.57499,#N/A,#N/A
Tunisia,TN,2018,4.460599899,4.548387051,4.372812748,1.444160461,0.920989513,0.999924481,0.81488508,0.166984513,0.058790863,0.054872498,4.741132259,9.304473877,0.732953548,66.90000153,0.649680078,-0.203248903,0.84011662,0.591726601,0.365014285,0.349490464,,,2.179978848,0.459801316,0.381,#N/A,#N/A,#N/A,31.6,Middle East & North Africa,Lower middle income,Arab States,#N/A,#N/A,#N/A,#N/A,9122.709811,2.646866667,3446.607238,#N/A,#N/A
Turkey,TR,2018,5.372600079,5.465527534,5.279672623,1.635940552,1.18348515,1.360425115,0.808362007,0.19486101,0.083449297,0.106051289,5.185689449,10.1489172,0.847027302,66.80000305,0.528629065,-0.181653723,0.804878533,0.434654295,0.350773096,0.513677061,,,2.14615202,0.4138605,0.4058,0.217580795,0.347793165,0.087368425,30.9,Europe & Central Asia,Upper middle income,Europe,#N/A,#N/A,#N/A,#N/A,44958.72082,4.828370147,9311.365833,5'8 1⁄2,5'3 1⁄2
Turkmenistan,TM,2018,5.24669981,5.30209589,5.19130373,1.333708048,1.051551342,1.538314939,0.656855464,0.394483387,0.244058892,0.027744973,4.620601654,9.749464035,0.984488964,62.20000076,0.857774079,0.237279803,,0.612210274,0.189024538,,,,1.198476553,0.259376734,,#N/A,#N/A,#N/A,27.9,Europe & Central Asia,Upper middle income,Asia & Pacific,#N/A,#N/A,#N/A,#N/A,24383.22394,#N/A,#N/A,#N/A,#N/A
Uganda,UG,2018,4.189400196,4.318986893,4.059813499,1.676949978,0.33238712,1.069408059,0.442812175,0.355805159,0.252145618,0.059853423,4.321714878,7.45870924,0.739841044,55.70000076,0.728512764,0.088241369,0.856106222,0.685168505,0.390319228,0.50385344,,,3.033911943,0.702015758,0.4322,-0.064424515,0.090744808,-0.219593837,15.8,Sub-Saharan Africa,Low income,Africa,#N/A,#N/A,#N/A,#N/A,2353069.298,3727.068995,631.3457844,0,5'2 1⁄2
Ukraine,UA,2018,4.33220005,4.429599285,4.234800816,1.007683516,0.820327461,1.390471816,0.739146352,0.177990824,0.186857224,0.009755395,4.661909103,9.012026787,0.900936723,64.59999847,0.663055062,-0.055041961,0.942960739,0.608771086,0.221851483,0.079710059,,,2.11156249,0.452939451,0.265,-0.741360664,-0.607785104,-0.874936225,40.6,Europe & Central Asia,Lower middle income,Europe,#N/A,#N/A,#N/A,#N/A,84190.26898,27.20049233,3095.174453,#N/A,#N/A
United Arab Emirates,AE,2018,6.824500084,6.900745392,6.748254776,2.144903183,1.502629757,1.309763789,0.824810028,0.59844923,0.262287796,0.181675777,6.603743553,11.12767792,0.851041317,67.09999847,0.943664372,0.036494225,,0.787243485,0.302041829,,,,2.214761972,0.335379779,,0.090297699,0.229757769,-0.049162371,30.3,Middle East & North Africa,High income,Arab States,#N/A,#N/A,#N/A,#N/A,157935.6739,3.6725,43004.94865,5'8 1⁄2,5'1 1⁄2
United Kingdom,GB,2018,7.05369997,7.125649452,6.981750488,2.111733913,1.332952499,1.53758502,0.996017873,0.449522078,0.348246276,0.277595162,7.233445168,10.59694767,0.928483903,72.30000305,0.83750838,0.22199814,0.404276013,0.783171833,0.228275612,0.420859873,,,1.698950052,0.234874263,0.341083333,0.136741638,0.237252803,0.036230474,40.5,Europe & Central Asia,High income,Europe,#N/A,#N/A,#N/A,#N/A,31850.74654,0.74953154,42494.20448,#N/A,#N/A
United States,US,2018,6.892300129,6.986233711,6.798366547,2.266142368,1.43278873,1.457336426,0.874216497,0.454156041,0.279902607,0.127734676,6.882684708,10.92246532,0.903856039,68.30000305,0.824606657,0.107713386,0.709928274,0.8153826,0.292226255,0.3138161,,,2.119374037,0.307928383,0.408166667,-0.445884228,-0.320663342,-0.571105114,38.1,North America,High income,North America,#N/A,#N/A,#N/A,#N/A,62641.0141,1,62641.0141,5'9,5'3 1⁄2
Uruguay,UY,2018,6.293300152,6.388224602,6.198375702,2.014153957,1.124368191,1.464682937,0.890663803,0.522502303,0.126508743,0.150456563,6.371714592,9.959661484,0.917315602,69,0.876210928,-0.108451419,0.682916045,0.876920342,0.274945587,0.361706048,,,2.217172384,0.347971082,0.427363636,0.578615665,0.705042274,0.452189057,35,Latin America & Caribbean,High income,South/Latin America,1.7,5'7,1.58,5'2,530870.815,30.72525833,17277.99354,5'7,5'2
Uzbekistan,UZ,2018,6.174099922,6.27937603,6.068823814,1.950984001,0.745118618,1.529099822,0.755703449,0.631245673,0.322110772,0.23985748,6.205460072,8.773365021,0.920821011,65.09999847,0.969897985,0.311694622,0.520360112,0.825421572,0.208660305,0.969356358,,,2.426437855,0.391016603,0.348,0.902616501,1.043311339,0.761921663,28.6,Europe & Central Asia,Lower middle income,Asia & Pacific,#N/A,#N/A,#N/A,#N/A,12365635.68,8069.606237,1532.371632,0,5'3
Venezuela,VE,2018,4.706600189,4.834541798,4.578658581,1.249899149,0.95950222,1.427073836,0.805053592,0.153592914,0.064210705,0.047284096,5.005663395,9.270280838,0.886882067,66.5,0.610855222,-0.176155597,0.827560008,0.759221494,0.373657614,0.260699689,,,2.891930342,0.577731669,0.497166667,-1.943895817,-1.785706872,-2.102084762,28.3,#N/A,#N/A,South/Latin America,#N/A,#N/A,#N/A,#N/A,#N/A,#N/A,0,#N/A,#N/A
Vietnam,VN,2018,5.175300121,5.247281551,5.103318691,1.47378087,0.740777016,1.346216559,0.851002932,0.542799175,0.147435278,0.073240973,5.295547009,8.783415794,0.83194524,67.90000153,0.909259796,-0.039123703,0.808422983,0.692222416,0.191061363,,,,1.676448464,0.316577017,0.36275,-0.224991798,-0.130427083,-0.319556514,30.5,East Asia & Pacific,Lower middle income,Asia & Pacific,1.657,5'5,1.552,5'5,57936404.81,22602.05,2563.325221,5'4,5'0
Yemen,YE,2018,3.379800081,3.478829861,3.280770302,1.138842344,0.286910504,1.162668467,0.462539971,0.143069744,0.108465463,0.077344313,3.057513952,,0.789421916,56.70000076,0.55272609,,0.792586863,0.461113781,0.31486994,0.308151186,,,2.40200758,0.785608053,0.357,-1.097291946,-0.928765002,-1.265818891,19.5,#N/A,#N/A,Arab States,#N/A,#N/A,#N/A,#N/A,#N/A,#N/A,0,#N/A,#N/A
Zambia,ZM,2018,4.106599808,4.231994629,3.981204987,1.280352831,0.577597976,1.058080792,0.426377565,0.430528432,0.247114137,0.086555615,4.041488171,8.223958015,0.717720389,55.29999924,0.79062593,0.03664434,0.810731292,0.702697575,0.350962847,0.606715262,,,2.783418655,0.688711345,0.5274,-0.413244247,-0.252436785,-0.57405171,16.8,Sub-Saharan Africa,Lower middle income,Africa,#N/A,#N/A,#N/A,#N/A,16104.42984,10.45814322,1539.893794,0,5'2 1⁄2
Zimbabwe,ZW,2018,3.663199902,3.780338764,3.546061039,1.149109364,0.365784705,1.113996267,0.433069229,0.360839635,0.151060909,0.089291245,3.616479874,7.553394794,0.775388479,55.59999847,0.762674868,-0.038383581,0.844208658,0.710118651,0.211725846,0.550507784,,,2.498695612,0.69091928,0.432,0.236431599,0.3911675,0.081695697,20,Sub-Saharan Africa,Lower middle income,Africa,#N/A,#N/A,#N/A,#N/A,2146.996385,0,0,0,5'3
